id,sex,age,seniority,activity,income,deposit,mortgage,pensions,loans,securities
5078490,F,33,5,1,115193.46,0,0,0,0,0
7817907,F,21,4,1,83707.56,0,0,0,0,0
12394593,M,26,54,0,69856.05,0,0,0,0,0
2752416,M,22,22,0,135827.67,0,0,0,0,0
12260602,F,23,42,1,182597.79,0,0,0,0,0
12892276,F,48,92,1,152314.11,0,0,0,0,0
9018112,M,20,5,1,99324,0,0,0,0,0
8585714,F,83,166,1,67124.13,1,0,0,0,0
843217,F,50,204,1,153247.47,0,0,1,0,1
2810999,M,23,21,1,466929.06,0,0,0,0,0
2409525,M,49,50,0,92910.75,0,0,0,0,0
5241983,M,26,23,0,92297.64,0,0,0,0,0
10506264,F,48,186,1,328457.1,0,0,0,1,0
6792256,F,49,172,0,258146.25,0,0,0,0,0
9793562,M,104,151,0,267056.55,0,0,0,0,0
13536849,F,23,31,0,63280.41,0,0,0,0,0
5186458,F,22,22,0,183935.52,0,0,0,0,0
10610036,F,23,43,0,62384.13,0,0,0,0,0
12756212,M,36,102,1,135719.97,0,0,0,0,0
2895175,M,57,161,1,69363.99,0,0,0,0,0
8893594,F,20,3,1,120576.36,0,0,0,0,0
1713490,M,21,10,0,113497.56,0,0,0,0,0
5269419,F,59,13,1,592155.81,0,0,0,0,0
182743,M,87,15,1,96959.01,0,0,0,0,0
5218567,F,22,24,0,65811.6,0,0,0,0,0
11868940,F,55,136,0,44371.23,0,0,0,0,0
4644848,F,56,50,1,59535.78,0,0,0,0,0
6579097,F,28,10,0,61937.97,0,0,0,0,0
8182461,F,24,38,0,31038.66,0,0,0,0,0
6735511,M,23,13,0,82217.79,0,0,0,0,0
2541370,F,23,36,1,126953.07,0,0,0,0,0
11291420,M,34,174,1,72729.39,0,0,0,0,0
10839237,M,51,60,1,207437.25,0,0,0,0,0
1473141,F,83,200,0,92744.61,0,0,0,0,0
9876707,M,25,50,0,86423.34,0,0,0,0,0
5612790,F,43,110,0,231234.78,0,0,0,0,0
11203708,F,52,214,1,102774.84,0,0,0,0,0
8830631,M,71,125,0,84473.91,0,0,0,0,0
10684926,F,50,4,1,63493.74,0,0,0,0,0
7229247,M,39,43,0,555373.92,0,0,0,0,0
10772589,F,59,96,1,29925.99,0,0,0,0,0
318409,F,48,166,0,37872.93,0,0,0,0,0
6512907,M,23,39,0,165415.74,0,0,0,0,0
9994112,M,26,16,0,78713.52,0,0,0,0,0
9453922,F,52,21,1,53644.11,0,0,0,0,0
6518223,F,63,40,1,62609.19,0,0,0,0,0
11753192,M,36,41,0,84264.63,0,0,0,0,0
5978847,F,24,11,0,62049.36,0,0,0,0,0
964579,F,57,13,1,196583.73,0,0,0,0,0
1357446,M,50,43,1,64145.52,0,0,0,0,0
4316258,M,22,23,0,101948.91,0,0,0,0,0
7077963,M,40,74,1,81942.24,0,0,0,0,1
12458300,F,26,53,0,56058.18,0,0,0,0,0
4006896,F,52,184,0,201814.44,0,0,0,0,0
6265012,M,20,0,0,59477.25,0,0,0,0,0
4536293,M,21,21,0,103636.8,0,0,0,0,0
3521235,F,51,161,0,196844.25,0,0,0,0,0
6530855,M,24,38,0,487193.7,0,0,0,0,0
10458079,F,51,172,1,135670.62,0,0,0,0,0
1149744,M,25,58,1,228084.9,0,0,0,0,0
4627434,F,24,49,1,16676.85,0,0,0,0,0
4731297,F,24,47,1,95766.06,0,0,0,0,0
4555130,M,22,21,0,113768.13,0,0,0,0,0
6500913,M,23,36,1,74141.85,0,0,0,0,0
12176107,F,42,142,0,104272.02,0,0,0,0,0
11795908,M,46,114,0,158699.88,0,0,0,0,0
5322308,M,49,233,0,174924.33,0,0,0,0,0
10608336,M,23,43,0,227784.6,0,0,0,0,0
13109851,F,51,152,0,66775.44,0,0,0,0,0
5931933,M,64,91,0,191542.92,0,0,0,0,0
9723908,M,45,34,0,46357.14,0,0,0,0,0
5458847,M,46,124,1,28095.54,0,0,0,0,0
4440182,M,23,10,0,74396.73,0,0,0,0,0
10332203,M,16,128,1,58819.2,0,0,0,0,0
2766204,M,21,21,0,62513.13,0,0,0,0,0
9704892,F,58,47,1,236198.52,0,0,0,0,0
1660768,F,23,9,0,103621.62,0,0,0,0,0
3350258,M,48,7,1,107617.08,0,0,0,0,0
1955720,M,42,135,0,43494.63,0,0,0,0,0
3270297,M,29,43,0,93594.9,0,0,0,0,0
804296,F,91,177,1,354994.26,1,0,0,0,0
8765507,F,51,94,0,277044.75,0,0,0,0,0
10630090,F,22,30,1,46889.61,0,0,0,0,0
8255712,M,28,50,0,52517.25,0,0,0,0,0
4820193,M,41,99,1,80247.57,0,0,0,0,0
3688324,F,60,79,0,156383.19,0,0,0,0,0
13547467,F,22,31,0,99445.95,0,0,0,0,0
8645479,F,40,190,0,93717.42,0,0,0,0,0
2909718,F,70,178,0,195986.22,0,0,0,0,0
1765585,F,24,47,0,65636.85,0,0,0,0,0
6525025,F,77,38,1,87200.76,0,0,0,0,0
12611130,M,33,27,0,51655.83,0,0,0,0,0
8171476,M,28,39,0,88845.69,0,0,0,0,0
4868363,M,36,100,0,120607.53,0,0,0,0,0
5888455,M,22,23,0,137845.29,0,0,0,0,0
2022689,F,36,93,1,140066.25,0,0,1,0,1
178474,F,21,12,0,208617.24,0,0,0,0,0
9765552,F,40,38,1,64582.08,0,0,0,0,0
1408188,F,28,94,0,90867.75,0,0,0,0,0
8735657,F,58,91,0,426245.7,0,0,0,0,0
6763519,F,56,165,1,51839.79,0,0,0,0,0
2367022,F,25,45,0,83851.53,0,0,0,0,0
6194452,M,22,33,0,60714.12,0,0,0,0,0
6976092,F,40,121,1,487907.58,0,0,0,0,0
3120569,M,43,111,1,72140.97,0,0,0,0,0
8129866,F,23,41,0,33614.19,0,0,0,0,0
7845459,F,21,14,1,33687.39,0,0,0,0,0
1051722,M,21,9,0,49381.38,0,0,0,0,0
485034,M,33,7,1,57044.31,0,0,0,0,0
8772429,F,44,97,0,203767.17,0,0,0,0,0
12673099,F,22,18,1,114262.41,0,0,0,0,0
8162353,M,37,38,0,62666.55,0,0,0,0,0
7654786,M,49,195,1,137195.34,0,0,0,0,0
7178863,M,33,101,1,183035.67,0,0,0,0,0
6927945,F,66,225,0,236690.34,0,0,0,0,0
9318220,M,41,9,1,100371.57,0,0,0,0,0
3259915,M,33,48,0,116998.44,0,0,0,0,0
3523271,M,82,160,1,71849.49,0,0,0,0,0
9953114,F,25,16,0,58038.84,0,0,0,0,0
6176374,F,24,35,0,111414.06,0,0,0,0,0
10190423,M,21,5,1,144185.46,0,0,0,0,0
1432799,F,38,176,1,101939.19,0,0,0,0,0
11798713,F,41,110,1,91716.24,0,0,0,0,0
8388250,F,31,15,0,129263.25,0,0,0,0,0
7603729,F,63,169,1,206607.39,0,0,0,0,0
4486926,F,44,14,0,76620.84,0,0,0,0,0
6184025,F,23,36,0,57646.44,0,0,0,0,0
6829673,F,44,149,0,129048.24,0,0,0,0,0
2468340,M,48,30,1,110200.5,0,0,0,0,0
3790622,F,36,105,1,76953.69,0,0,0,0,0
2902777,F,53,159,1,36848.58,0,0,0,0,0
3886624,F,59,118,1,127942.23,0,0,0,0,0
12215626,F,57,148,1,82489.05,0,0,0,0,0
10644695,M,22,28,0,56521.23,0,0,0,0,0
12018081,F,62,86,0,153317.7,0,0,0,0,0
5638034,M,55,79,0,92566.92,0,0,0,0,0
870815,F,54,158,1,149543.4,0,0,0,0,0
4578502,F,29,5,1,49908.87,0,0,0,0,0
9876912,M,26,51,0,137249.94,0,0,0,0,0
4607541,M,44,60,1,165605.31,0,0,0,0,0
8603457,F,52,207,0,90959.22,0,0,0,0,0
11472127,M,98,141,0,82027.98,0,0,0,0,0
11683894,F,35,51,0,58468.44,0,0,0,0,0
5341002,F,51,214,0,84586.29,0,0,0,0,0
5192718,F,31,22,0,55234.89,0,0,0,0,0
12220421,F,53,171,0,99408.27,0,0,0,0,0
8793177,M,39,136,1,258221.55,0,0,0,0,0
12324634,M,31,32,1,103385.7,0,0,0,0,0
4008627,F,49,186,1,446902.86,0,0,0,0,0
2610186,M,24,46,1,711545.76,0,0,0,0,0
12097670,F,60,177,0,168513.39,0,0,0,0,0
6869230,F,53,66,0,129916.35,0,0,0,0,0
11969476,F,42,92,1,83030.7,0,0,0,0,0
10346067,F,56,131,0,207026.46,0,0,0,0,0
9887461,M,25,40,0,913063.65,0,0,0,0,0
9713389,F,64,32,1,331406.25,0,0,0,0,0
5307509,F,57,186,1,407366.19,0,0,0,0,0
1376647,F,39,83,0,67020.66,0,0,0,0,0
12655179,M,25,29,0,116770.92,0,0,0,0,0
3865362,M,47,117,1,196340.01,0,0,0,0,0
8059735,F,52,41,0,210969.87,0,0,0,0,0
1506126,M,53,160,1,555605.55,0,0,0,0,0
11470660,F,59,140,1,185985.87,1,0,0,0,0
4339349,F,36,40,0,77932.29,0,0,0,0,0
10683815,M,22,30,0,102696.6,0,0,0,0,0
3650768,F,35,98,1,47663.88,0,0,0,1,0
2983920,F,68,190,1,103386.42,0,0,0,0,0
7052887,F,44,54,0,137705.76,0,0,0,0,0
3670452,M,57,59,1,195209.22,0,0,0,0,0
2472461,F,36,31,0,104475.42,0,0,0,0,0
7077169,M,35,75,0,88530.72,0,0,0,0,0
1762644,M,48,43,1,110283.72,0,0,0,0,0
3498728,F,60,169,1,98660.49,0,0,0,0,0
9797885,F,55,167,1,164367.48,0,0,0,0,0
13120659,M,52,150,1,145868.22,0,0,0,0,0
1366654,F,42,66,1,76680.81,1,0,0,0,0
10415936,F,62,238,0,163745.64,0,0,0,0,0
12937190,F,71,71,0,204262.98,0,0,0,0,0
11172161,M,56,246,1,132873.3,0,0,0,0,0
4207361,F,59,160,1,57750.93,1,0,0,0,0
13010737,F,54,234,0,43835.01,0,0,0,0,0
13015885,F,61,226,1,133039.86,0,0,1,0,1
4639802,M,42,54,1,131934.75,0,0,0,0,0
3582066,M,48,178,1,59704.32,0,0,0,0,0
2258001,F,21,21,0,103259.55,0,0,0,0,0
4396728,M,38,37,1,49472.4,0,0,0,0,0
12609684,M,27,28,0,317550.06,0,0,0,0,0
6973225,M,44,186,1,67390.83,0,1,0,0,0
634067,F,34,119,0,50694.9,0,0,0,0,0
5702614,F,49,224,1,106297.26,0,0,0,0,0
11654823,F,32,30,1,76943.01,0,0,0,0,0
4738765,F,24,48,1,152121.27,0,0,0,0,0
1793834,M,29,46,0,64470,0,0,0,0,0
5110738,M,22,34,1,248618.49,0,0,0,0,0
8617187,F,96,224,1,165751.32,0,0,0,0,0
5323528,M,45,230,0,51810.87,0,0,0,0,0
9411565,M,47,239,0,155292.9,0,0,0,0,0
9408638,F,63,241,0,52128.54,0,0,0,0,0
7572901,M,41,177,1,62680.26,0,0,0,0,0
5863218,F,21,12,0,46179.24,0,0,0,0,0
4182126,F,41,164,0,58888.02,0,0,0,0,0
7892975,M,25,50,0,170998.95,0,0,0,0,0
12424105,M,25,56,0,91641.54,0,0,0,0,0
2878569,F,25,148,1,714033.3,0,0,0,0,0
5851289,M,21,13,1,88559.13,0,0,0,0,0
1810862,M,28,32,0,166648.26,0,0,0,0,0
6279079,F,20,0,1,44233.47,0,0,0,0,0
12868827,M,31,55,1,55828.41,0,0,0,0,0
10398893,F,68,189,0,64801.8,0,0,0,0,0
12731709,F,41,119,0,35210.01,0,0,0,0,0
6423495,F,22,25,1,111271.98,0,0,0,0,0
8237353,M,43,80,1,59880.03,0,0,0,0,0
3380805,M,21,8,0,116072.64,0,0,0,0,0
6803382,F,46,168,0,109073.19,0,0,0,0,0
5088628,M,3,7,0,129547.74,0,0,0,0,0
12756022,M,52,102,0,46580.37,0,0,0,0,0
7151000,M,46,131,1,250583.1,1,0,0,0,0
10747809,F,71,99,0,264681.15,0,0,0,0,0
9586723,F,37,66,0,89960.22,0,0,0,0,0
2252184,M,23,23,1,68692.32,0,0,0,0,0
879672,F,39,160,1,335290.11,0,0,0,0,1
10299701,M,54,113,1,93718.02,0,0,0,1,0
8466928,M,23,26,0,156078,0,0,0,0,0
849055,F,37,199,1,215252.28,0,0,0,0,1
1487957,F,50,205,1,152718.78,0,1,0,0,0
5209402,M,23,21,0,148254.75,0,0,0,0,0
2623143,M,27,47,0,65799.06,0,0,0,0,0
3509679,M,37,154,0,37295.52,0,0,0,0,0
6514048,F,23,39,0,97368.27,0,0,0,0,0
10518487,M,42,178,0,79537.26,0,0,0,0,0
379220,F,52,161,1,91228.5,0,0,0,0,0
7196374,F,75,110,1,55534.17,0,0,0,0,0
12013987,M,81,83,1,213717.9,0,0,0,0,0
654514,F,37,110,0,233695.17,0,0,0,0,0
1891903,F,81,118,0,492197.28,0,0,0,0,0
4387503,M,22,34,0,156021.21,0,0,0,0,0
2113035,F,47,213,1,239032.02,0,0,0,0,1
3020231,F,51,100,0,177348.24,0,0,0,0,0
3089489,F,50,141,1,78653.25,0,0,0,0,0
1793483,M,28,45,0,92874.48,0,0,0,0,0
4462858,F,22,9,0,64874.07,0,0,0,0,0
6918360,M,50,218,1,123603.45,1,0,0,0,1
9299857,F,21,17,0,59621.55,0,0,0,0,0
1353392,M,39,62,1,70307.16,0,0,0,0,0
1622700,M,30,23,1,99750.9,0,0,0,0,0
6722612,M,43,11,0,136463.37,0,0,0,0,0
6298941,M,20,1,0,72835.38,0,0,0,0,0
5120696,M,29,27,0,44572.32,0,0,0,0,0
13525838,M,24,46,0,68304.51,0,0,0,0,0
2406713,M,31,60,1,158503.95,0,0,0,0,0
11101202,F,46,188,1,158641.05,0,1,0,0,1
934113,F,40,165,1,113243.4,0,0,0,0,0
1926241,M,70,140,0,39840.48,0,0,0,0,0
2638160,M,56,43,0,63282.72,0,0,0,0,0
11482187,F,39,113,0,34512.36,0,0,0,0,0
9824889,M,19,160,0,70999.95,0,0,0,0,0
3646726,F,57,105,0,119527.92,0,0,0,0,0
6755441,M,39,13,0,168048.24,0,0,0,0,0
1134282,M,24,43,0,95157.12,0,0,0,0,0
4829568,F,42,135,1,104762.52,0,0,0,0,0
8525668,F,80,179,1,213444.36,1,0,0,0,0
9070251,F,36,4,0,43382.31,0,0,0,0,0
5536572,F,56,140,1,133396.35,0,0,0,0,0
11669574,F,24,29,0,106639.26,0,0,0,0,0
13013370,F,62,234,1,45275.13,0,0,0,0,0
11085779,F,30,16,1,33202.23,0,0,0,0,0
10674682,M,42,38,0,92876.31,0,0,0,0,0
3655816,F,41,102,1,64196.4,0,0,0,0,0
13460500,M,25,43,0,95030.49,0,0,0,0,0
4006926,F,55,186,1,112889.31,0,1,0,0,0
5450068,M,73,125,0,237889.5,0,0,0,0,0
11083410,F,42,16,1,139019.55,0,0,0,0,0
1052913,F,22,8,0,76317.48,0,0,0,0,0
4963483,F,19,11,1,64820.37,0,0,0,0,0
6040197,M,39,45,0,75735.39,0,0,0,0,0
13240104,F,23,21,0,158180.13,0,0,0,0,0
13504010,M,24,46,1,30970.38,0,0,0,0,0
2408096,F,35,58,1,35176.65,0,0,0,0,0
7398622,M,31,123,1,78060.96,0,0,0,0,0
5244714,F,22,24,1,134009.19,0,0,0,0,0
9227820,M,61,189,0,118257.3,0,0,0,0,0
3675136,F,9,65,1,180827.73,0,0,0,0,0
6404013,F,22,25,0,50823.33,0,0,0,0,0
2344609,M,24,10,0,58961.73,0,0,0,0,0
5038443,M,21,0,0,164024.52,0,0,0,0,0
6634628,M,20,2,0,66185.73,0,0,0,0,0
870732,F,50,158,1,130432.44,1,0,0,0,0
5708965,F,81,117,0,215634.09,0,0,0,0,0
3860605,M,41,130,1,245327.76,0,0,0,0,0
1122345,F,48,38,1,96444,0,0,0,0,0
12097777,F,71,177,0,44764.17,0,0,0,0,0
6440585,M,41,44,1,85593.33,0,0,0,0,0
1488935,F,54,157,0,280313.04,0,0,0,0,0
4548348,F,24,21,1,189645.81,0,0,0,0,0
11428483,F,40,44,1,110788.86,0,0,0,0,0
3778256,F,45,106,1,153251.31,0,0,1,0,0
11419144,F,36,72,0,90214.14,0,0,0,0,0
9591039,F,74,69,0,66959.34,0,0,0,0,0
6331838,F,40,24,0,63648.93,0,0,0,0,0
5962934,M,35,103,1,64933.02,0,0,0,0,0
7672201,F,30,23,0,64980.3,0,0,0,0,0
12671298,M,22,19,0,124538.79,0,0,0,0,0
3145247,F,23,34,1,52105.17,0,0,0,0,0
5734817,F,67,213,1,138636.96,0,1,0,0,0
4551662,M,26,20,0,41652.54,0,0,0,0,0
11802296,F,65,112,0,122365.26,0,0,0,0,0
2418229,M,26,46,1,126966.48,0,0,0,0,0
6732474,M,21,11,0,82171.38,0,0,0,0,0
5864432,F,31,12,1,98823.69,0,0,0,0,0
7700684,F,29,16,0,131264.73,0,0,0,0,0
8954850,M,24,13,0,199856.25,0,0,0,0,0
3168375,F,28,36,0,132240.21,0,0,0,0,0
3286431,M,26,44,1,208672.38,0,0,0,0,0
1549075,F,57,122,0,203839.35,0,0,0,0,0
13146617,M,52,176,0,39420.54,0,0,0,0,0
2010562,M,52,107,0,159986.46,0,0,0,0,0
1960122,M,38,133,0,363496.56,0,0,0,0,0
6919672,M,51,220,0,48409.62,0,0,0,0,0
2113300,F,46,213,1,174770.49,0,0,0,0,0
4753386,F,24,45,0,78526.71,0,0,0,0,0
9004782,M,20,5,1,109436.25,0,0,0,0,0
4254854,M,29,21,1,42591.9,1,0,0,0,0
2017697,F,41,106,1,117305.55,0,0,0,0,0
8991907,F,21,5,0,46506.51,0,0,0,0,0
2525707,F,24,33,0,45026.58,0,0,0,0,0
13024694,F,50,246,1,206353.2,1,0,0,0,0
12253216,M,32,41,1,66928.68,0,0,0,0,0
12878926,F,24,56,0,99298.08,0,0,0,0,0
9876432,M,27,51,0,59093.31,0,0,0,0,0
10658788,F,36,37,1,99957.18,0,0,0,0,0
12832684,M,25,58,0,83858.04,0,0,0,0,0
4877627,M,55,89,1,60551.76,0,0,0,0,0
10203207,M,20,6,0,51502.08,0,0,0,0,0
10821075,M,27,51,0,179268.81,0,0,0,0,0
9633076,M,22,141,1,176242.08,0,0,0,0,0
6493732,F,62,37,0,138082.41,0,0,0,0,0
6750704,F,21,12,0,129021.21,0,0,0,0,0
4204087,F,44,160,0,142237.29,0,0,0,0,0
9485047,F,41,88,1,49267.8,0,0,0,0,0
11228915,F,48,164,1,93414,0,0,0,0,0
5932726,F,37,91,0,79235.1,0,0,0,0,0
7024716,M,64,97,1,55324.56,0,0,0,0,0
9048316,F,20,6,0,39510.6,0,0,0,0,0
4701326,M,23,45,0,45576.69,0,0,0,0,0
5537581,F,41,140,1,95828.22,0,0,0,0,0
1164266,M,26,45,1,101189.58,0,0,0,0,0
11441687,F,70,127,0,78893.4,0,0,0,0,0
12001898,M,24,71,1,369280.74,0,0,0,0,0
12769958,M,54,105,0,76971.51,0,0,0,0,0
5169048,M,23,35,0,89431.11,0,0,0,0,0
7340409,M,53,17,1,83613.66,0,0,0,0,0
1433652,M,43,176,1,79794.69,0,0,0,0,0
711694,F,49,79,0,82504.32,0,0,0,0,0
6580318,F,58,4,0,68578.23,0,0,0,0,0
566752,F,80,131,1,169774.02,0,0,0,0,0
4012197,M,44,181,1,70976.73,0,0,0,0,1
6835262,M,83,139,0,77168.04,0,0,0,0,0
8321433,F,41,18,1,92947.59,1,0,0,0,0
5774158,M,47,159,0,295947.63,0,0,0,0,0
5002607,F,21,13,1,41718.12,0,0,0,0,0
12862662,F,29,55,0,134839.59,0,0,0,0,0
1688494,M,23,12,1,156783.15,0,0,0,0,0
955758,M,26,21,0,31260.21,0,0,0,0,0
13160333,M,37,167,0,583084.65,0,0,0,0,0
6039073,F,45,43,0,71422.89,0,0,0,0,0
5053222,F,21,9,0,42064.29,0,0,0,0,0
2323367,M,21,12,0,156081.93,0,0,0,0,0
739554,F,69,70,0,455644.74,0,0,0,0,0
7890355,M,26,50,0,68710.65,0,0,0,0,0
13471283,M,27,43,0,55124.1,0,0,0,0,0
8240142,M,30,81,0,74302.5,0,0,0,0,0
886392,M,63,150,1,134331,0,0,0,0,0
2212353,M,21,21,0,30289.38,0,0,0,0,0
26378,M,14,38,1,91956.18,0,0,0,0,0
6024730,M,22,11,0,63691.83,0,0,0,0,0
3560989,M,72,235,0,286907.25,0,0,0,0,0
12806823,F,48,125,0,85696.89,0,0,0,0,0
9769199,F,23,38,1,35687.55,0,0,0,0,0
2225678,M,21,13,1,45535.74,0,0,0,0,0
6498686,M,27,36,0,67684.08,0,0,0,0,0
9420147,F,32,30,1,93780.81,0,0,0,0,0
6289979,F,23,2,0,40252.92,0,0,0,0,0
9724256,F,45,33,1,147331.86,0,0,0,0,0
5420001,F,53,35,1,36916.38,0,0,0,0,0
1606570,F,34,17,1,70653.24,0,0,0,0,0
3276941,M,23,36,0,410659.71,0,0,0,0,0
11786234,F,32,43,0,57155.34,0,0,0,0,0
5949905,F,82,89,0,91616.76,0,0,0,0,0
6794560,M,49,171,0,138982.56,0,0,0,0,0
9442951,M,22,20,1,67805.25,0,0,0,0,0
10376231,F,49,205,1,73172.31,0,0,0,0,0
2120809,F,44,159,1,101236.41,0,0,0,0,0
12921516,M,38,74,1,101891.28,0,0,0,0,0
8030339,M,22,34,0,147332.34,0,0,0,0,0
6854373,F,50,161,0,110451.45,0,0,0,0,0
2589986,M,24,32,0,98956.53,0,0,0,0,0
25069,F,42,38,1,48394.65,0,0,0,0,0
11976579,M,35,12,1,229351.65,1,0,0,0,0
1830259,M,22,24,0,91142.79,0,0,0,0,0
310357,M,24,21,0,120483.9,0,0,0,0,0
12816689,M,54,121,1,56974.74,0,0,0,0,0
3997962,F,63,79,0,152437.8,0,0,0,0,0
2242616,F,23,23,1,99379.83,0,0,0,0,0
5923354,F,28,22,0,159023.58,0,0,0,0,0
7055793,F,31,50,0,156804.6,0,0,0,0,0
11548978,F,40,113,0,76343.22,0,0,0,0,0
752845,M,66,101,0,272545.32,0,0,0,0,0
7563026,M,56,175,0,83728.89,0,0,0,0,0
9052844,M,45,6,0,105411.54,0,0,0,0,0
13231451,F,35,16,1,281476.95,0,0,0,0,0
5488908,M,55,121,0,89065.8,0,0,0,0,0
11594101,M,23,40,0,21178.05,0,0,0,0,0
10326167,M,20,109,1,77251.23,0,0,0,0,0
7268574,F,45,133,0,89461.65,0,0,0,0,0
6374865,F,54,27,1,73688.1,0,0,0,0,0
110932,F,24,48,1,64271.31,0,0,0,0,0
9932062,M,28,41,0,105883.86,0,0,0,0,0
2557866,M,32,31,0,61612.08,0,0,0,0,0
7396559,F,47,117,0,75492.87,0,0,0,0,0
4576227,M,41,7,1,54526.62,0,0,0,0,0
8705738,F,37,114,0,98959.56,0,0,0,0,0
11316364,M,45,170,0,214400.01,0,0,0,0,0
9675604,M,42,104,1,91664.76,0,0,0,0,0
4756775,M,24,45,0,43415.16,0,0,0,0,0
1751331,M,57,36,1,26648.19,0,0,0,0,0
5296228,M,66,186,1,140530.8,0,0,0,0,0
12667126,F,22,19,0,56970.78,0,0,0,0,0
10354170,M,39,99,0,153229.71,0,0,0,0,0
13063886,F,45,216,1,156566.13,0,0,0,0,0
13564250,F,29,27,1,302125.74,0,0,0,0,1
400920,F,55,201,0,35222.04,0,0,0,0,0
4591574,M,38,16,0,75421.02,0,0,0,0,0
3789286,M,36,105,0,183253.53,0,0,0,0,0
589813,M,33,107,1,90338.19,0,0,0,0,0
5053733,F,23,9,0,111283.5,0,0,0,0,0
4597483,M,22,0,0,76629.99,0,0,0,0,0
2369891,M,24,45,0,35734.89,0,0,0,0,0
8485533,M,22,27,1,19195.26,0,0,0,0,0
5429495,F,49,166,1,222980.01,1,0,0,0,0
13042403,F,72,211,1,574568.49,0,0,0,0,1
4486468,M,59,14,0,152816.22,0,0,0,0,0
1574113,F,21,19,1,359120.22,0,0,0,0,0
13592249,M,22,34,1,84764.46,0,0,0,0,0
5176107,M,22,22,0,38324.19,0,0,0,0,0
7669626,F,27,24,0,38457.36,0,0,0,0,0
9999630,F,51,16,0,39247.53,0,0,0,0,0
11884153,F,42,120,1,49257.66,0,0,0,0,0
7808585,M,20,6,1,172543.89,0,0,0,0,0
150613,M,23,44,0,58557.51,0,0,0,0,0
12368765,M,26,54,0,81689.91,0,0,0,0,0
10517349,F,52,177,0,1173823.77,0,0,0,0,0
5220159,F,24,24,1,56227.32,0,0,0,0,0
1283474,F,73,114,0,295561.29,0,0,0,0,0
677638,F,43,146,1,125891.73,0,0,0,0,0
11318046,M,85,124,0,57633.99,0,0,0,0,0
1812743,M,24,32,0,319189.8,0,0,0,0,0
4664786,F,40,85,0,45606.42,0,0,0,0,0
9981254,M,28,15,0,131348.34,0,0,0,0,0
12382087,F,24,55,0,147186.93,0,0,0,0,0
9501216,F,56,85,1,241509.6,0,0,0,0,0
3296907,F,26,43,0,60445.17,0,0,0,0,0
8790331,F,42,10,1,66442.26,0,0,0,0,0
3831485,M,65,100,0,114788.76,0,0,0,0,0
13069162,F,46,160,1,66853.14,0,0,0,0,0
2161679,F,52,170,1,85421.4,0,0,0,0,0
5709202,M,51,182,1,88261.47,0,0,0,0,0
3439256,M,33,13,1,74609.7,0,0,0,0,0
1288174,M,41,112,0,105245.61,0,0,0,0,0
11296121,M,61,175,1,160919.58,0,0,1,0,0
7169007,F,47,98,1,103175.13,0,0,0,0,1
9112959,M,47,199,1,267740.64,1,0,0,0,0
5571893,F,64,49,1,84043.92,0,0,0,0,0
11499085,M,49,109,0,48981.12,0,0,0,0,0
10062236,F,38,21,1,154402.41,0,0,0,0,0
4752327,F,30,45,0,100145.01,0,0,0,0,0
8825431,M,56,123,0,132646.05,0,0,0,0,0
8139917,F,25,49,0,45511.98,0,0,0,0,0
5667974,M,92,180,1,58809.75,0,0,0,0,0
1049438,F,21,8,0,583644.63,0,0,0,0,0
7206447,F,73,111,0,198919.14,0,0,0,0,0
13133261,F,43,173,0,173995.05,0,0,0,0,0
9672395,M,50,70,1,90993.66,0,0,0,0,0
7553454,F,49,175,1,35174.91,0,0,0,0,0
3315704,M,20,9,0,59914.62,0,0,0,0,0
8897240,M,21,4,0,60727.26,0,0,0,0,0
8850976,F,47,130,1,219023.4,0,0,1,0,0
6548468,F,31,4,1,392296.77,1,0,0,0,0
6756293,F,21,13,1,28460.49,0,0,0,0,0
5184239,M,27,22,0,70020.6,0,0,0,0,0
6147914,M,36,24,0,70226.52,0,0,0,0,0
12675310,M,21,18,1,58705.53,0,0,0,0,0
10233048,M,43,137,0,49912.44,0,0,0,0,0
4785096,F,49,128,0,1264780.11,0,0,0,0,0
5376345,F,57,152,1,107648.55,0,0,0,1,0
12977923,F,42,182,0,293288.88,0,0,0,0,0
12756961,F,36,102,0,178551.87,0,0,0,0,0
4724182,F,23,37,1,65779.59,0,0,0,0,0
9753977,M,25,39,0,157646.19,0,0,0,0,0
2085147,M,69,218,0,166532.55,0,0,0,0,0
4643262,M,26,49,1,64901.34,0,0,0,0,0
8552153,F,57,157,0,536358.48,0,0,0,0,0
782983,F,64,96,0,80137.68,0,0,0,0,0
11622972,M,22,29,0,67234.14,0,0,0,0,0
2902037,M,41,156,1,159895.17,0,0,0,0,0
7362205,M,88,86,1,232800.54,0,0,0,0,0
1862689,M,25,33,0,39906.96,0,0,0,0,0
4433535,F,21,10,1,79664.28,0,0,0,0,0
8476021,M,27,28,0,27562.35,0,0,0,0,0
8664347,F,52,204,1,204564.87,1,0,0,0,0
6628118,M,20,1,0,37459.05,0,0,0,0,0
12803591,M,39,113,0,233571.15,0,0,0,0,0
11702589,M,25,53,0,190011.33,0,0,0,0,0
5061563,M,20,9,0,139326.45,0,0,0,0,0
11307265,F,45,167,1,89428.56,0,0,0,0,0
6166421,M,35,25,0,98219.7,0,0,0,0,0
1334824,F,61,63,0,290031.81,0,0,0,0,0
885718,M,47,151,0,83472.3,0,0,0,0,0
12344628,M,27,33,1,58442.7,0,0,0,0,0
4117302,M,45,55,1,47311.47,0,0,0,0,0
12730329,M,50,112,0,347960.88,0,0,0,0,0
2756525,F,22,22,1,101873.28,0,0,0,0,0
3065602,M,26,133,1,93020.46,0,0,0,0,0
419745,F,53,237,0,50297.13,0,0,0,0,0
11764445,F,41,43,1,103224.66,0,0,0,0,0
9349874,F,21,15,0,192139.56,0,0,0,0,0
12856788,F,39,61,0,76556.67,0,0,0,0,0
11506322,F,51,112,0,90384.03,0,0,0,0,0
4938882,F,21,11,0,81391.65,0,0,0,0,0
7747406,F,22,28,0,139826.55,0,0,0,0,0
1298571,F,72,23,1,230324.37,0,0,0,0,0
2644632,F,33,37,1,141180.24,0,0,0,0,0
10256010,F,80,160,1,151055.04,0,0,0,0,0
11835476,F,31,107,0,56465.49,0,0,0,0,0
5074012,F,44,6,1,88549.65,0,0,0,0,0
10901669,F,36,11,0,99923.07,0,0,0,0,0
795835,F,51,195,0,93048.03,0,0,0,0,0
8508220,F,49,150,0,341919.45,0,0,0,0,0
4867196,F,75,101,1,23996.91,1,0,0,0,0
8023635,M,24,37,1,110696.46,0,0,0,0,0
12470702,M,34,49,0,63080.34,0,0,0,0,0
9162917,M,61,181,1,199882.47,0,0,0,0,0
10483107,F,47,167,0,162554.7,0,0,0,0,0
7127284,M,19,133,1,90624.27,0,0,0,0,0
11300996,F,43,168,0,175868.64,0,0,0,0,0
6847604,F,73,159,1,336625.29,0,0,0,0,0
1684473,F,22,6,1,111291.72,0,0,0,0,0
4069103,F,52,213,1,140115.36,0,0,1,0,0
3775890,F,42,119,1,126171.93,0,0,0,0,0
10511504,M,43,184,1,34780.2,0,0,0,0,0
1962310,F,43,81,0,113254.2,0,0,0,0,0
7035545,F,70,93,0,124088.25,0,0,0,0,0
8150726,F,24,48,0,82187.31,0,0,0,0,0
6903397,F,57,123,0,73208.79,0,0,0,0,0
5269221,F,52,198,0,57226.77,0,0,0,0,0
5815093,F,43,166,1,95984.67,0,0,0,0,0
160489,M,32,11,0,89729.82,0,0,0,0,0
6924294,F,43,228,1,75848.25,0,0,0,0,0
5788555,F,49,174,1,451931.22,0,0,0,0,0
7633081,M,47,209,0,78017.7,0,0,0,0,0
10769017,M,91,88,0,139535.22,0,0,0,0,0
13244055,F,49,22,0,62227.05,0,0,0,0,0
6462044,F,64,49,1,89268.72,0,0,0,0,0
12688493,F,22,20,0,83723.37,0,0,0,0,0
10247522,M,59,139,0,350675.13,0,0,0,0,0
999623,F,35,24,0,76474.98,0,0,0,0,0
7244325,F,35,129,0,94269.51,0,0,0,0,0
12865384,F,30,56,0,157073.88,0,0,0,0,0
9719949,M,66,35,1,190519.68,0,0,0,0,0
9887347,M,23,40,0,58702.92,0,0,0,0,0
6415991,F,53,26,1,65649.21,0,0,0,0,0
1641530,M,24,21,1,54872.79,0,0,0,0,0
10687176,F,28,31,0,134787.27,0,0,0,0,0
5979670,F,25,12,1,133498.32,0,0,0,0,0
5888214,M,25,23,1,107933.52,0,0,0,0,0
375273,M,61,118,1,131672.13,0,0,0,0,0
5767287,F,40,152,1,98397.24,1,0,0,0,0
10469359,M,75,119,0,79467.48,0,0,0,0,0
65050,M,23,34,0,71229.63,0,0,0,0,0
8237457,F,37,80,1,93687.27,0,0,0,0,0
12358693,F,22,32,0,67862.1,0,0,0,0,0
9644029,F,39,136,1,323682.21,0,0,0,0,0
3582926,F,66,179,1,136607.76,0,0,0,0,0
11614901,M,24,28,0,204196.98,0,0,0,0,0
4552818,F,22,20,0,309876.45,0,0,0,0,0
7892025,M,24,50,0,51852.39,0,0,0,0,0
5906189,F,27,21,0,276044.04,0,0,0,0,0
704138,F,32,133,1,152344.68,0,0,0,0,0
9959851,M,67,20,1,89208.87,0,0,0,0,0
7481052,M,52,216,1,337170.09,0,0,0,0,1
10252159,M,104,163,0,62023.08,0,0,0,0,0
692890,M,36,129,0,89367.96,0,0,0,0,0
4062729,F,51,220,0,211685.49,0,0,0,0,0
3868702,M,38,114,0,145815.93,0,0,0,0,0
11325590,F,69,88,0,208265.97,0,0,0,0,0
1179065,F,23,33,0,59994.51,0,0,0,0,0
4759374,M,36,46,1,155697.27,0,0,0,0,0
7401428,M,47,125,1,71573.16,0,0,0,0,0
8317501,M,21,17,1,157503.78,0,0,0,0,0
3703499,F,59,135,0,132303.09,0,0,0,0,0
2800850,M,30,13,1,38816.67,0,0,0,0,0
5208252,F,39,21,1,148464.12,1,0,0,0,0
6449147,F,31,46,0,185774.73,0,0,0,0,0
1657760,M,22,9,0,43387.8,0,0,0,0,0
6778417,M,52,163,1,77636.01,0,0,0,0,0
12313118,M,27,31,0,97919.13,0,0,0,0,0
1754562,M,28,43,0,70829.76,0,0,0,0,0
6032245,M,26,38,0,96303.12,0,0,0,0,0
2624347,F,27,47,0,100576.44,0,0,0,0,0
5935224,F,45,95,0,88958.94,0,0,0,0,0
3072466,F,53,135,1,100957.62,0,0,0,0,1
6119829,F,27,46,0,141753.21,0,0,0,0,0
2159275,F,46,169,1,135992.91,0,0,0,0,0
11829605,F,39,102,1,41814.99,0,0,0,0,0
2813333,F,49,21,1,44076.6,0,0,0,0,0
2428535,M,24,47,0,94178.4,0,0,0,0,0
2250321,F,23,24,0,126681.39,0,0,0,0,0
7714401,M,36,19,1,39236.52,0,0,0,0,0
9924065,F,43,43,0,100898.16,0,0,0,0,0
9668087,F,51,112,0,86397.69,0,0,0,0,0
6516088,F,62,39,0,77988.45,0,0,0,0,0
11194615,M,40,192,1,77454.78,0,0,0,0,0
13594236,F,37,34,1,30357.48,0,0,0,0,0
8664607,F,43,204,1,244593.24,0,0,0,0,0
5847536,F,32,18,0,54593.01,0,0,0,0,0
10280965,M,16,157,1,199398.66,0,0,0,0,0
2847293,F,53,164,1,98487.54,1,0,0,0,0
13639877,M,33,33,0,121516.77,0,0,0,0,0
12381511,M,24,55,1,57409.05,0,0,0,0,0
9723231,F,37,36,0,127234.59,0,0,0,0,0
9975267,F,35,15,1,28252.98,0,0,0,0,0
6448189,M,39,46,1,103774.47,0,0,0,0,0
11770950,F,23,44,1,161852.61,0,0,0,0,0
8467172,M,25,26,0,128394.99,0,0,0,0,0
3989537,M,50,70,1,264373.53,1,0,0,0,0
6225108,F,20,5,1,124373.58,0,0,0,0,0
622853,M,42,123,0,123935.82,0,0,0,0,0
2424605,F,24,47,1,268603.17,0,0,0,0,0
790617,F,62,185,1,121683.51,0,0,0,0,1
12888659,F,28,56,0,99219.84,0,0,0,0,0
4677527,F,70,80,1,204514.17,0,0,0,0,0
7068632,M,77,30,1,277258.68,1,0,0,0,0
8532917,F,57,175,0,117513.3,0,0,0,0,0
3238027,F,24,45,1,96679.29,0,0,0,0,0
7043703,M,24,51,1,149253.84,0,0,0,0,0
11007126,F,39,22,1,81100.5,0,0,0,0,1
4752877,M,27,45,1,55036.41,0,0,0,0,0
11718774,M,25,52,0,124220.73,0,0,0,0,0
469997,M,44,97,1,63972.63,0,0,0,0,0
13251499,F,25,21,1,92367.9,0,0,0,0,0
10168749,F,49,10,1,134153.04,1,0,0,0,0
3729199,F,42,137,0,155490.03,0,0,0,0,0
4748547,M,29,45,0,863479.56,0,0,0,0,0
12924282,F,41,79,1,123097.5,0,0,0,0,0
4621304,F,62,65,0,139286.1,0,0,0,0,0
5283196,F,60,179,0,172496.91,0,0,0,0,0
5236994,F,24,23,0,96766.14,0,0,0,0,0
12628176,F,55,23,0,97037.85,0,0,0,0,0
12512666,F,20,9,0,132318.6,0,0,0,0,0
3312653,M,21,10,0,64034.73,0,0,0,0,0
9786361,F,35,168,1,238430.43,0,0,0,0,0
4762175,M,28,46,0,173581.5,0,0,0,0,0
7564477,F,57,174,0,232282.62,0,0,0,0,0
11186677,M,48,209,0,239995.95,0,0,0,0,0
11868482,F,20,140,1,196436.94,0,0,0,0,0
3002742,F,33,93,1,67274.19,0,0,0,0,0
5008197,F,21,13,1,77911.29,0,0,0,0,0
4171934,F,39,141,1,132305.34,0,0,0,0,0
12419883,F,24,56,1,21912,0,0,0,0,0
11540201,F,39,120,1,174834.63,0,0,0,0,0
10625040,M,25,29,0,100311,0,0,0,0,0
5470435,F,48,119,0,261472.14,0,0,0,0,0
1042101,M,30,8,1,78410.7,0,0,0,0,0
6899139,F,46,204,1,62765.22,0,0,0,0,0
1835748,M,27,31,0,366997.05,0,0,0,0,0
3258118,F,24,48,0,166357.77,0,0,0,0,0
6686672,M,28,23,0,94402.14,0,0,0,0,0
6469645,F,47,48,1,94995.12,1,0,0,0,0
5936500,F,38,96,1,833950.89,0,0,0,0,0
8793385,M,41,136,1,101335.98,0,0,0,0,0
9765567,M,44,12,1,133876.5,1,0,0,0,0
4799305,F,15,123,0,134607.72,0,0,0,0,0
12917953,F,53,95,0,119690.25,0,0,0,0,0
10141405,F,19,8,1,57098.43,0,0,0,0,0
693092,F,43,128,0,143460.84,0,0,0,0,0
13379342,F,20,10,0,161619.93,0,0,0,0,0
2972691,F,54,138,1,226054.95,0,0,0,0,0
493979,F,68,109,0,96095.58,0,0,0,0,0
3557907,F,43,202,1,191886.48,0,0,0,0,1
9831737,M,24,49,1,184089.09,0,0,0,0,0
3383089,M,23,22,0,47455.02,0,0,0,0,0
3205969,F,22,33,1,147630.69,0,0,0,0,0
286756,F,39,15,0,92056.95,0,0,0,0,0
3611360,M,47,185,1,225894.48,1,0,0,0,0
473144,M,84,89,1,112052.4,0,0,0,0,1
856862,F,46,212,1,386327.73,0,0,1,0,0
5427618,F,74,165,1,51275.22,0,0,0,0,0
6687570,M,24,23,0,241471.62,0,0,0,0,0
8612118,F,43,241,0,129902.19,0,0,0,0,0
9872523,M,24,51,0,92203.83,0,0,0,0,0
1047647,M,34,16,1,109413.87,0,0,0,0,0
13288749,F,25,20,1,72928.23,0,0,0,0,0
11106259,F,47,191,1,89848.05,0,0,0,0,0
3053828,F,70,84,1,257994.15,0,0,0,0,0
6683665,F,41,21,0,104599.2,0,0,0,0,0
154764,M,26,44,0,181198.44,0,0,0,0,0
3529226,M,84,161,0,212368.26,0,0,0,0,0
6204050,F,35,33,1,251174.13,1,0,0,0,0
13519844,F,10,49,1,197672.04,0,0,0,0,0
4533704,F,21,18,0,37067.94,0,0,0,0,0
13126711,F,80,174,0,54911.91,0,0,0,0,0
7932875,F,36,49,1,60354.24,0,0,0,0,0
4512730,M,23,20,0,68119.83,0,0,0,0,0
17942,F,29,34,0,174830.37,0,0,0,0,0
898020,M,46,128,1,375448.8,0,0,0,0,0
1173013,F,38,46,1,87417.12,1,0,0,0,0
178913,M,22,12,0,164161.32,0,0,0,0,0
1627637,M,25,21,0,77033.34,0,0,0,0,0
8100981,F,23,40,0,60297.24,0,0,0,0,0
509218,F,71,77,1,360324.3,0,0,0,0,0
2205353,M,21,20,0,74733.27,0,0,0,0,0
11353183,M,40,84,0,132451.05,0,0,0,0,0
10465341,M,49,173,1,74282.04,0,0,0,0,0
3722718,M,81,145,0,55311.99,0,0,0,0,0
2567923,M,53,27,1,371313.09,0,0,0,0,0
845729,M,76,205,1,196661.76,0,0,0,0,0
2021929,F,54,92,0,75537.21,0,0,0,0,0
996089,M,22,24,1,85093.83,0,0,0,0,0
7130191,F,50,134,1,69856.86,0,0,0,0,0
10770887,F,40,96,0,383362.02,0,0,0,0,0
9481514,M,22,26,0,14857.71,0,0,0,0,0
908584,F,50,167,0,28099.29,0,0,0,0,0
245075,M,22,22,0,71484.3,0,0,0,0,0
6034273,M,23,38,0,40374.6,0,0,0,0,0
9810507,F,47,154,0,36825.87,0,0,0,0,0
9606912,M,54,133,0,117355.77,0,0,0,0,0
4438938,F,20,10,0,62633.49,0,0,0,0,0
13249921,M,41,20,1,77881.41,0,0,0,0,0
13440147,M,26,45,0,76823.94,0,0,0,0,0
534766,M,45,89,0,246408.75,0,0,0,0,0
12194844,F,49,174,1,84070.41,0,0,0,0,0
11223536,M,42,123,0,50428.02,0,0,0,0,0
9883992,F,25,51,0,133200.99,0,0,0,0,0
3942983,M,24,47,1,135191.1,0,0,0,0,0
6850248,F,73,158,1,88123.29,0,0,0,0,0
8325078,F,27,17,1,90017.13,0,0,0,0,0
12638953,M,24,30,0,76020.57,0,0,0,0,0
3277037,M,23,36,1,74715.3,0,0,0,0,0
3710456,F,39,126,0,136930.77,0,0,0,0,0
10256579,M,39,161,1,69742.5,1,0,0,0,0
6315024,M,26,23,0,91261.26,0,0,0,0,0
4258458,F,43,33,0,243881.22,0,0,0,0,0
2839173,M,35,146,1,215165.4,0,0,0,0,0
719717,F,74,83,0,567628.5,0,0,0,0,0
5611166,M,50,112,0,117348.27,0,0,0,0,0
6227830,F,26,2,0,64138.5,0,0,0,0,0
9148521,M,50,177,1,55723.74,0,0,0,0,0
10329704,F,40,110,1,131116.65,1,0,0,0,0
12441588,F,32,44,1,41155.8,0,0,0,0,0
11190140,F,60,52,1,143442.75,1,0,0,0,0
1278069,F,56,107,0,31777.8,0,0,0,0,0
2427940,F,49,47,1,120074.64,0,0,0,0,0
8764501,F,51,73,1,71734.56,0,0,0,0,0
11931611,F,42,66,1,58297.62,0,0,0,0,0
8083484,F,27,46,1,201558.24,0,0,0,0,0
3581494,F,59,179,1,42751.83,0,0,0,0,0
2561455,F,23,31,1,69547.74,0,0,0,0,0
6671719,M,21,15,1,39926.25,0,0,0,0,0
134024,M,32,43,1,229899,0,0,0,0,0
4918955,F,58,65,0,101818.83,0,0,0,0,0
6034318,F,24,38,1,173064.84,0,0,0,0,0
1715866,M,38,16,1,80111.76,1,0,0,0,0
8520896,F,52,177,0,134529.99,0,0,0,0,0
4127374,M,44,147,0,167434.41,0,0,0,0,0
3270404,F,26,43,0,84352.05,0,0,0,0,0
4894332,M,67,112,0,311324.88,0,0,0,0,0
12185825,F,74,151,0,91672.44,0,0,0,0,0
13519397,F,64,49,1,53794.65,0,0,0,0,0
9995579,M,54,16,1,58636.17,0,0,0,0,0
5920227,F,21,23,0,47408.67,0,0,0,0,0
13165200,F,44,168,0,117529.68,0,0,0,0,0
2024165,F,50,93,1,60881.52,0,0,0,0,0
907452,F,54,168,1,169774.02,0,0,0,0,0
8357930,M,21,15,1,48325.26,0,0,0,0,0
9506835,M,45,87,1,88777.11,0,0,0,0,0
2180633,F,44,164,1,90634.08,0,0,0,0,0
13494918,M,25,54,0,48351.54,0,0,0,0,0
5440441,F,42,143,1,88708.47,0,0,0,0,0
2564491,F,22,24,1,103763.49,0,0,0,0,0
6519705,F,68,42,0,120740.22,0,0,0,0,0
7427330,F,52,113,0,77067.03,0,0,0,1,0
4478474,F,32,15,1,187991.97,0,0,0,0,0
13646362,M,22,33,0,43166.94,0,0,0,0,0
1825117,F,30,25,0,193928.22,0,0,0,0,0
5984892,M,21,11,0,74102.28,0,0,0,0,0
8472167,M,64,27,0,44562,0,0,0,0,0
2769209,F,36,23,1,98179.02,0,0,0,0,0
1831057,M,22,24,1,177526.11,0,0,0,0,0
10601694,F,24,42,0,146990.94,0,0,0,0,0
8679005,F,50,195,1,85900.2,0,0,0,0,1
3850402,M,66,132,0,277798.95,0,0,0,0,0
2610177,F,23,46,0,68002.86,0,0,0,0,0
3623862,M,67,97,1,102770.07,0,0,0,0,0
7244112,F,69,129,0,112268.25,0,0,0,0,0
9346509,M,29,14,1,48195.36,0,0,0,0,0
5230787,F,38,25,1,90532.53,0,0,0,0,0
13033017,M,52,140,1,168265.23,0,0,0,0,0
1615249,F,25,23,0,241131.3,0,0,0,0,0
6885137,F,50,214,1,124835.22,0,0,0,0,0
11454240,F,43,130,1,195086.25,0,0,0,0,0
12890271,F,25,56,0,58688.46,0,0,0,0,0
6982750,F,54,164,1,230641.38,1,0,0,0,0
1158944,F,38,46,1,79318.47,0,0,0,0,0
13575941,M,26,29,0,288312.63,0,0,0,0,0
5478632,M,62,117,1,146986.14,1,0,0,0,0
12223162,F,36,175,0,81748.29,0,0,0,0,0
4046220,F,69,178,1,60960.63,1,0,0,0,0
1809523,F,41,32,1,57273.24,0,0,0,0,0
78166,F,22,33,0,81704.25,0,0,0,0,0
11185360,F,52,211,1,198788.58,0,0,0,0,0
2383662,M,40,38,1,119451.72,0,0,0,0,0
10426810,F,57,248,0,82039.29,0,0,0,0,0
7082109,F,70,60,1,83813.79,0,0,0,0,0
9622382,M,43,108,1,68543.64,1,0,0,0,0
8072866,M,24,47,0,125423.13,0,0,0,0,0
6405761,M,28,24,0,65447.16,0,0,0,0,0
4590636,F,33,17,1,41944.11,0,0,0,0,0
13208377,M,21,19,0,76187.97,0,0,0,0,0
8814004,F,59,147,0,90673.23,0,0,0,0,0
2678983,F,31,10,0,79820.88,0,0,0,0,0
4874552,M,70,88,0,244165.68,0,0,0,0,0
7001317,F,40,14,1,56091.81,0,0,0,0,0
2083502,F,64,217,1,163193.22,0,0,0,0,0
3145181,M,26,34,0,88217.91,0,0,0,0,0
2224356,M,32,14,1,56646.36,0,0,0,0,0
6845988,F,73,145,0,283997.85,0,0,0,0,0
4216051,F,21,159,1,68070.51,0,0,0,0,0
6563887,M,25,2,1,150531.54,0,0,0,0,0
628330,M,42,121,1,104395.05,0,0,0,0,0
7299424,F,76,153,0,281503.17,0,0,0,0,0
6041129,F,38,45,1,52447.41,0,0,0,0,0
12369450,M,24,54,0,119585.22,0,0,0,0,0
12023858,F,50,210,0,189238.86,0,0,0,0,0
2227802,F,21,19,1,27190.44,0,0,0,0,0
10265380,F,57,164,0,83174.28,0,0,0,0,0
5499691,M,46,143,1,35612.97,0,0,0,0,0
7600906,F,56,169,1,158403.12,1,0,0,0,0
1094095,F,21,10,0,186168.33,0,0,0,0,0
1590848,F,42,14,1,139363.56,0,0,0,0,0
12626389,F,50,22,1,99565.59,0,0,0,0,0
11993859,F,53,74,1,132331.02,1,0,0,0,0
2227345,F,40,19,1,105635.97,0,0,0,0,0
7254417,M,72,128,1,95093.34,0,0,0,0,0
12689162,F,22,21,1,76918.56,0,0,0,0,0
4445147,F,21,8,0,158180.13,0,0,0,0,0
2194415,M,49,164,1,88769.94,0,0,0,0,0
6309930,M,35,10,1,108281.64,0,0,0,0,0
27558,M,33,36,1,106980.54,0,0,0,0,0
8450313,M,24,26,0,440074.29,0,0,0,0,0
5493123,F,29,118,0,112796.04,0,0,0,0,0
6903928,F,55,235,0,124876.17,0,0,0,0,0
9914594,M,24,42,0,140846.97,0,0,0,0,0
375119,F,75,161,0,471213.45,0,0,0,0,0
5177970,M,21,22,0,39456.72,0,0,0,0,0
5278024,F,61,196,1,119229.27,0,0,0,0,0
4610344,F,55,60,0,132063.45,0,0,0,0,0
8717301,F,47,111,0,131913.48,0,0,0,0,0
449192,F,51,177,1,242995.68,0,0,0,0,1
9501156,F,51,85,0,138442.02,0,0,0,0,0
11130257,F,42,179,1,124613.67,0,0,0,0,0
6924957,F,89,224,1,57396.33,0,0,0,0,0
12368875,F,25,55,0,161195.97,0,0,0,0,0
5640965,M,64,78,0,130249.62,0,0,0,0,0
6465492,F,29,49,1,206271.48,0,0,0,0,0
9740278,F,72,147,1,118874.22,0,0,0,0,0
3300892,F,33,44,0,212786.04,0,0,0,0,0
4089289,F,43,200,1,71033.67,0,0,0,0,0
9614241,F,70,125,1,68778.87,1,0,0,0,0
8904340,F,20,3,0,76825.14,0,0,0,0,0
12714662,M,50,20,0,200388.84,0,0,0,0,0
3463239,M,39,164,0,52611.12,0,0,0,0,0
5609568,F,37,113,0,90907.83,0,0,0,0,0
1677133,F,27,7,0,48347.19,0,0,0,0,0
8735889,M,46,92,1,120437.73,0,0,0,0,0
4727748,M,46,38,0,67338.48,0,0,0,0,0
5769491,F,40,152,1,50792.73,0,0,0,0,0
12820404,F,89,128,0,1231477.02,0,0,0,0,0
5239055,M,29,22,0,34889.85,0,0,0,0,0
3119572,F,47,108,1,222316.2,0,0,0,0,0
9420447,F,22,30,0,129629.49,0,0,0,0,0
10804228,F,24,51,0,115769.85,0,0,0,0,0
6925921,F,83,91,0,85410.66,0,0,0,0,0
4204412,F,33,160,0,41144.73,0,0,0,0,0
10060964,F,21,21,0,133962.93,0,0,0,0,0
4158544,F,80,136,0,67450.65,0,0,0,0,0
10572690,F,25,40,0,190435.89,0,0,0,0,0
1530050,F,49,168,1,116341.41,0,0,0,0,0
10887055,F,21,6,0,26868.87,0,0,0,0,0
6700845,F,43,21,1,55361.04,0,0,0,0,0
11367092,F,45,100,0,33004.29,0,0,0,0,0
10350436,M,55,130,1,143076.84,0,0,0,0,0
12311873,M,41,31,0,38733.57,0,0,0,0,0
6082509,M,27,47,0,74199.75,0,0,0,0,0
3712283,F,93,126,0,53015.88,0,0,0,0,0
4502498,F,20,12,1,49380.51,0,0,0,0,0
11785825,M,33,43,1,129513.09,0,0,0,0,0
1499266,M,73,160,0,109837.05,0,0,0,0,0
5489725,F,36,121,1,62616.03,0,0,0,0,0
5541833,M,38,137,1,153795.27,0,0,0,0,0
5956768,M,47,100,0,210327.69,0,0,0,0,0
2415576,F,36,45,1,248501.49,0,0,0,0,0
3626503,F,86,95,0,291985.95,0,0,0,0,0
9001083,M,20,4,1,89048.73,0,0,0,0,0
11136962,F,56,179,0,81446.49,0,0,0,0,0
5748033,M,41,161,0,65914.95,0,0,0,0,0
2184448,F,88,162,1,242886.69,1,0,0,0,0
3938752,F,33,48,0,45019.41,0,0,0,0,0
2241512,M,22,23,0,62937.21,0,0,0,0,0
7154124,M,14,105,1,220206.66,0,0,0,0,0
4367617,F,24,45,1,150794.28,0,0,0,0,0
1419654,F,67,184,0,87682.59,0,0,0,0,0
11438114,F,51,61,1,199838.73,0,0,0,0,0
1081725,F,25,10,0,69827.7,0,0,0,0,0
9792819,M,68,167,0,43200.21,0,0,0,0,0
11799707,F,50,111,1,215744.13,0,0,0,0,0
339282,M,46,174,1,166561.29,1,0,0,0,0
3043053,F,43,66,1,227267.49,0,0,0,0,0
1665320,M,22,9,0,69206.25,0,0,0,0,0
5257482,M,37,193,1,139806.24,0,0,0,0,0
7732326,F,25,27,0,342837.81,0,0,0,0,0
4483719,M,68,13,1,105588.66,0,0,0,0,0
12875891,M,32,34,0,47689.05,0,0,0,0,0
5149178,F,23,36,0,226848.06,0,0,0,0,0
3729167,F,47,137,1,106720.56,0,0,0,0,0
1869570,F,29,33,0,89106.45,0,0,0,0,0
11057197,M,21,12,1,271058.46,0,0,0,0,0
10407502,M,44,194,1,263636.67,0,0,0,0,0
6037636,F,34,43,1,127120.71,0,0,0,0,0
6232395,M,52,2,0,124428.39,0,0,0,0,0
9286381,F,22,18,1,69455.16,0,0,0,0,0
1015332,M,25,22,1,244658.28,0,0,0,0,0
8824747,M,56,121,0,118280.49,0,0,0,0,0
5249416,M,22,23,0,87912.96,0,0,0,0,0
4695932,F,39,43,0,257848.02,0,0,0,0,0
6091732,M,24,47,0,95265.27,0,0,0,0,0
5279232,M,48,179,0,118312.38,0,0,0,0,0
12532569,F,45,15,1,198148.92,0,0,0,0,0
2045330,F,66,185,1,79569.36,0,0,0,0,0
235326,F,32,22,0,94148.58,0,0,0,0,0
902231,M,34,131,1,170131.5,0,0,0,0,1
10629058,M,25,30,0,98240.58,0,0,0,0,0
12769189,F,47,105,0,50768.31,0,0,0,0,0
2827779,F,23,20,0,102240.09,0,0,0,0,0
8779903,F,52,141,0,191525.82,0,0,0,0,0
13038934,F,96,209,0,121712.64,0,0,0,0,0
11152433,F,68,172,1,169507.74,0,0,0,0,0
3039338,F,41,60,1,205411.68,1,0,0,0,0
624020,F,46,120,1,136359.42,0,0,0,0,0
5002102,F,21,13,0,153082.98,0,0,0,0,0
12739849,M,29,115,0,588398.37,0,0,0,0,0
9187505,F,38,145,0,47440.08,0,0,0,0,0
9571638,F,67,76,0,122340.06,0,0,0,0,0
11567806,M,25,32,0,74537.4,0,0,0,0,0
9637139,F,48,145,0,56877.78,0,0,0,0,0
11720415,F,28,52,1,66277.23,0,0,0,0,0
6081849,M,26,47,1,93267.96,0,0,0,0,0
9234247,F,41,182,1,117590.82,0,0,0,0,0
1744465,F,39,38,0,43261.65,0,0,0,0,0
10046761,F,65,19,1,306020.91,0,0,0,0,0
917716,F,45,172,1,169384.5,0,0,0,0,0
3832166,M,42,100,1,89877.93,1,0,0,0,0
5617474,M,33,76,0,82177.08,0,0,0,0,0
12875213,M,26,55,0,32102.46,0,0,0,0,0
8020903,F,24,38,1,170393.19,0,0,0,0,0
409579,M,52,105,1,443150.94,0,0,0,0,1
7714568,F,27,19,1,109023.12,0,0,0,0,0
1340538,F,44,78,1,202850.07,0,0,0,0,0
8601774,F,43,126,1,92477.37,0,0,0,0,0
11170348,F,51,250,1,139021.98,0,1,0,0,1
4777127,F,55,101,1,265626.93,0,0,0,0,0
1828517,M,22,24,0,220151.73,0,0,0,0,0
1104660,F,30,44,0,189714.75,0,0,0,0,0
4782609,F,46,131,0,86437.23,0,0,0,0,0
7273591,F,22,163,1,89198.28,0,0,0,0,0
